-- phpMyAdmin SQL Dump
-- version 5.0.2
-- https://www.phpmyadmin.net/
--
-- Host: 127.0.0.1
-- Generation Time: May 25, 2022 at 09:23 AM
-- Server version: 10.4.11-MariaDB
-- PHP Version: 7.4.6

SET SQL_MODE = "NO_AUTO_VALUE_ON_ZERO";
START TRANSACTION;
SET time_zone = "+00:00";


/*!40101 SET @OLD_CHARACTER_SET_CLIENT=@@CHARACTER_SET_CLIENT */;
/*!40101 SET @OLD_CHARACTER_SET_RESULTS=@@CHARACTER_SET_RESULTS */;
/*!40101 SET @OLD_COLLATION_CONNECTION=@@COLLATION_CONNECTION */;
/*!40101 SET NAMES utf8mb4 */;

--
-- Database: `pessdb`
--

-- --------------------------------------------------------

--
-- Table structure for table `dispatch`
--

CREATE TABLE `dispatch` (
  `incidentId` int(11) NOT NULL,
  `patrolcarId` varchar(10) NOT NULL,
  `timeDispatched` datetime NOT NULL,
  `timeArrived` datetime DEFAULT NULL,
  `timeCompleted` datetime DEFAULT NULL
) ENGINE=MyISAM DEFAULT CHARSET=latin1;

--
-- Dumping data for table `dispatch`
--

INSERT INTO `dispatch` (`incidentId`, `patrolcarId`, `timeDispatched`, `timeArrived`, `timeCompleted`) VALUES
(22, 'PL0001C', '2022-05-25 15:17:41', '2022-05-25 15:18:40', '2022-05-25 15:19:55');

-- --------------------------------------------------------

--
-- Table structure for table `incident`
--

CREATE TABLE `incident` (
  `incidentId` int(11) NOT NULL,
  `callerName` varchar(30) NOT NULL,
  `phoneNumber` varchar(10) NOT NULL,
  `incidentTypeId` varchar(3) NOT NULL,
  `incidentLocation` varchar(50) NOT NULL,
  `incidentDesc` varchar(100) NOT NULL,
  `incidentStatusId` varchar(1) NOT NULL,
  `timeCalled` timestamp NOT NULL DEFAULT current_timestamp()
) ENGINE=MyISAM DEFAULT CHARSET=latin1;

--
-- Dumping data for table `incident`
--

INSERT INTO `incident` (`incidentId`, `callerName`, `phoneNumber`, `incidentTypeId`, `incidentLocation`, `incidentDesc`, `incidentStatusId`, `timeCalled`) VALUES
(22, 'kean', '9999999999', '020', 'ite', 'he fighting', '3', '2022-05-25 07:17:41');

-- --------------------------------------------------------

--
-- Table structure for table `incidenttype`
--

CREATE TABLE `incidenttype` (
  `incidentTypeId` varchar(3) NOT NULL,
  `incidentTypeDesc` varchar(20) NOT NULL
) ENGINE=MyISAM DEFAULT CHARSET=latin1;

--
-- Dumping data for table `incidenttype`
--

INSERT INTO `incidenttype` (`incidentTypeId`, `incidentTypeDesc`) VALUES
('020', 'Riot'),
('010', 'Fire'),
('030', 'Burglary'),
('040', 'Domestic Violence'),
('050', 'Fallen Tree'),
('060', 'Traffic Accident'),
('070', 'Loan Shark'),
('080', 'Others');

-- --------------------------------------------------------

--
-- Table structure for table `incident_status`
--

CREATE TABLE `incident_status` (
  `statusId` varchar(1) NOT NULL,
  `statusDesc` varchar(20) NOT NULL
) ENGINE=MyISAM DEFAULT CHARSET=latin1;

--
-- Dumping data for table `incident_status`
--

INSERT INTO `incident_status` (`statusId`, `statusDesc`) VALUES
('1', 'Pending'),
('2', 'Dispatched'),
('3', 'Completed'),
('4', 'Duplicate');

-- --------------------------------------------------------

--
-- Table structure for table `patrolcar`
--

CREATE TABLE `patrolcar` (
  `patrolcarId` varchar(10) NOT NULL,
  `patrolcarStatusId` varchar(1) NOT NULL
) ENGINE=MyISAM DEFAULT CHARSET=latin1;

--
-- Dumping data for table `patrolcar`
--

INSERT INTO `patrolcar` (`patrolcarId`, `patrolcarStatusId`) VALUES
('PL0001C', '3'),
('PL0002C', '3'),
('PL0003C', '2'),
('PL0004C', '2'),
('PL0005C', '1'),
('PL0006C', '1'),
('PL0007C', '3'),
('PL0008C', '1');

-- --------------------------------------------------------

--
-- Table structure for table `patrolcar_status`
--

CREATE TABLE `patrolcar_status` (
  `statusId` varchar(1) NOT NULL,
  `statusDesc` varchar(20) NOT NULL
) ENGINE=MyISAM DEFAULT CHARSET=latin1;

--
-- Dumping data for table `patrolcar_status`
--

INSERT INTO `patrolcar_status` (`statusId`, `statusDesc`) VALUES
('1', 'Dispatched'),
('2', 'Patrol'),
('3', 'Free'),
('4', 'Arrived');

--
-- Indexes for dumped tables
--

--
-- Indexes for table `dispatch`
--
ALTER TABLE `dispatch`
  ADD PRIMARY KEY (`incidentId`,`patrolcarId`);

--
-- Indexes for table `incident`
--
ALTER TABLE `incident`
  ADD PRIMARY KEY (`incidentId`);

--
-- Indexes for table `incidenttype`
--
ALTER TABLE `incidenttype`
  ADD PRIMARY KEY (`incidentTypeId`);

--
-- Indexes for table `incident_status`
--
ALTER TABLE `incident_status`
  ADD PRIMARY KEY (`statusId`);

--
-- Indexes for table `patrolcar`
--
ALTER TABLE `patrolcar`
  ADD PRIMARY KEY (`patrolcarId`);

--
-- Indexes for table `patrolcar_status`
--
ALTER TABLE `patrolcar_status`
  ADD PRIMARY KEY (`statusId`);

--
-- AUTO_INCREMENT for dumped tables
--

--
-- AUTO_INCREMENT for table `incident`
--
ALTER TABLE `incident`
  MODIFY `incidentId` int(11) NOT NULL AUTO_INCREMENT, AUTO_INCREMENT=23;
COMMIT;

/*!40101 SET CHARACTER_SET_CLIENT=@OLD_CHARACTER_SET_CLIENT */;
/*!40101 SET CHARACTER_SET_RESULTS=@OLD_CHARACTER_SET_RESULTS */;
/*!40101 SET COLLATION_CONNECTION=@OLD_COLLATION_CONNECTION */;
